id;code;designation;created_at;updated_at;created_by;created_by_user_login;updated_by;updated_by_user_login
1;alarm black Ergonomic;Investor customized;2026-03-12T12:31:35;2026-03-11T15:21:29;Buckinghamshire Automotive;USB;Marketing indigo human-resource;Identity
2;Money;Switzerland;2026-03-12T02:15:25;2026-03-12T03:19:40;interface;Metal;Automotive Maryland;Unbranded
3;Borders Loan;azure Metrics;2026-03-12T00:32:21;2026-03-11T13:50:47;circuit attitude Berkshire;functionalities;Avon Morocco Plastic;upward-trending experiences
4;Buckinghamshire;SAS Ergonomic;2026-03-12T10:27:20;2026-03-11T13:31:56;up;Chair Forward Borders;Gorgeous;Central Global Zimbabwe
5;Cotton Proactive;Island auxiliary Bedfordshire;2026-03-11T23:35:52;2026-03-12T04:07:25;Arkansas;Bacon Intranet application;yellow Directives;Incredible
6;Qatar;Factors Plastic Borders;2026-03-12T12:53:14;2026-03-12T09:55:51;Fantastic Massachusetts;Senior web-readiness;Trail Account Ergonomic;best-of-breed Loan
7;Rufiyaa Officer;redundant Investment Fantastic;2026-03-12T09:35:19;2026-03-12T05:43:29;yellow e-commerce auxiliary;Marketing Gloves Strategist;compressing ADP;Mills
8;Stream magenta;Chief Jewelery;2026-03-12T07:46:23;2026-03-12T04:37:35;microchip Triple-buffered;Grove fuchsia Fundamental;Customer;transmitting
9;Analyst;enable Congo;2026-03-12T07:52:27;2026-03-12T11:07:09;compressing;compelling;platforms pixel Buckinghamshire;Togo Cordoba
10;Officer Branch;Rubber Planner River;2026-03-11T15:00:26;2026-03-12T10:36:15;Seamless systems;optical capability 1080p;Outdoors Niue Home;Loan Mobility
