id;ancien_statut;nouveau_statut;date_changement;commentaire;user_id;user_login;work_order_id
1;Fin;ExecutionTravaux;2026-03-11T20:07:57;York RAM;Rustic Dollar;Dynamic challenge;1
2;ValidationTechnique;ValidationTechnique;2026-03-12T07:01:12;Bedfordshire;content;Table;2
3;ExecutionTravaux;ValidationRessources;2026-03-11T18:48:19;Money back-end Legacy;rich up;SMS Awesome SQL;3
4;ValidationRessources;VerificationWO;2026-03-11T20:34:19;payment Borders ADP;District HTTP;Cross-group Fields Pula;4
5;Fin;ExecutionTravaux;2026-03-11T22:59:08;Planner portals SQL;purple transmitting;Unbranded overriding;5
6;VerificationWO;ValidationTechnique;2026-03-11T22:17:39;envisioneer;Berkshire microchip Account;strategic;6
7;ValidationRessources;ValidationRessources;2026-03-11T23:01:27;Buckinghamshire overriding Metal;haptic Wooden Utah;product Gorgeous;7
8;Fin;Creation;2026-03-12T03:05:50;virtual eyeballs tan;e-business bandwidth Loan;Towels fuchsia;8
9;Fin;Creation;2026-03-11T13:55:11;Gorgeous innovative;GB;pixel;9
10;ExecutionTravaux;ValidationRessources;2026-03-12T08:42:44;Cambridgeshire deposit toolset;Bedfordshire;Assistant;10
