id;designation;created_at;updated_at;created_by;created_by_user_login;updated_by;updated_by_user_login
1;target Steel cultivate;2026-03-12T06:45:24;2026-03-11T21:39:59;Barthelemy up;Buckinghamshire;Comoro;District scale
2;Georgia;2026-03-12T01:45:03;2026-03-11T13:47:26;disintermediate Avon;CSS Car gold;Licensed;copying green strategic
3;end-to-end Brunei;2026-03-11T15:16:09;2026-03-12T01:21:45;payment;Intranet;Lead gold;Legacy Buckinghamshire transmitting
4;Japan Card;2026-03-12T09:52:58;2026-03-12T11:42:33;calculating array;Open-source Salad;calculating Paradigm;South protocol Internal
5;Chair digital;2026-03-12T10:35:49;2026-03-12T10:03:47;architecture Officer;orchestration;District;compressing Metal redundant
6;deposit;2026-03-12T07:11:46;2026-03-12T09:44:10;back-end;Hawaii synthesize;Small;Awesome Sleek
7;Park;2026-03-11T18:10:43;2026-03-11T22:12:11;RAM Integration Washington;distributed violet platforms;Response;Rustic Granite Marketing
8;SMTP application Buckinghamshire;2026-03-12T12:13:03;2026-03-12T06:39:18;calculating unleash;Stand-alone bypass;invoice Mouse Puerto;loyalty Frozen
9;Soap deposit;2026-03-11T17:25:01;2026-03-11T19:42:36;interfaces;time-frame integrated;Drive deposit;Granite green
10;connect Fresh;2026-03-11T14:56:39;2026-03-12T02:59:05;killer;Designer Refined transparent;fault-tolerant contextually-based AI;TCP
