id;role_dans_la_mission;note;remboursement;executeur_id;executeur_user_login;work_order_id
1;Chips;82071;84937;application withdrawal Producer;silver PNG Polarised;1
2;Turks Grocery;14459;10922;Architect;project interface;2
3;local Incredible California;41032;98234;Rubber parse;Buckinghamshire;3
4;Passage;1698;73336;Republic embrace;streamline;4
5;Administrator EXE transmitter;68455;97743;synthesize portals bluetooth;Tasty;5
6;Assurance Executive Legacy;88516;38660;GB Wooden;alliance;6
7;Convertible Wisconsin;21690;50540;Optimization withdrawal asynchronous;Clothing blue;7
8;lavender Uruguay Chief;49154;20967;deposit;olive Toys blue;8
9;cultivate;6978;82826;navigating parse Awesome;cross-platform;9
10;copy;69334;34231;Music Neck quantify;Illinois;10
